Workbook
Name Slicer_Attendance_Category: #N/A
Name Slicer_Department: #N/A
Name Slicer_Performance_Category: #N/A

Sheet questions
A1: Employee Performance & Attendance Report
A3: Objective: Create a report tracking attendance and performance KPIs.
A5: Dataset: Fields like Employee ID, Name, Department, Monthly Attendance, Monthly Targets, Actual Performance.
A7: Tasks:
A10: Employee Performance & Attendance Report Dashboard
A11: Dashboard Components & Tasks
A12: 1. Executive HR KPIs Dashboard
A14: Task: Create a comprehensive KPI summary showing:
A16: Overall Attendance Rate (% across organization)
A18: Average Performance vs Target (% achievement)
A20: Number of Underperformers (below 80% target)
A22: Top Performing Department
... A160: Poor: <90%

Sheet Attendance_trend
A1: Months | B1: Attendance
A2: Jan | B2: =AVERAGE('Employee Performance and Attend'!H2:H21) -> 85.227273
A3: Feb | B3: =AVERAGE('Employee Performance and Attend'!H22:H41) -> 83.409091
A4: March | B4: =AVERAGE('Employee Performance and Attend'!$G$42:$G$61) -> 89.20333
A5: April | B5: =AVERAGE('Employee Performance and Attend'!$G$62:$G$81) -> 95.49609
A6: May | B6: =AVERAGE('Employee Performance and Attend'!G82:G101) -> 98.596088

Sheet KPI
A1: Overall Attendance Rate | B1: =AVERAGE('Employee Performance and Attend'!H2:H101) -> 84.272727
A2: Avg Performance vs Target | C2: =AVERAGE('Employee Performance and Attend'!G2:G101) -> 96.220903 | D2: =AVERAGE('Employee Performance and Attend'!E2:E101) -> 99.15 | E2: =C2/D2*100 -> 97.045792
A3: Top Dept | B3: Sales
A4: Attendance Issues count | B4: =COUNTIF('Employee Performance and Attend'!J1:J101,"Poor") -> 66
A5: Under Performer Count | B5: =GETPIVOTDATA("Employee ID",underperformer!$A$34) -> 30

Sheet performance distribution
A3: performance category | B3: Count of Employee ID
A4: Grand Total

Sheet Absenteesm
A3: Department | B3: Count of Absenteesm_days | C3: Sum of Absenteesm_days
A4: Finance | B4: 22 | C4: 89
A5: HR | B5: 21 | C5: 67
A6: IT | B6: 17 | C6: 54
A7: Marketing | B7: 24 | C7: 70
A8: Sales | B8: 16 | C8: 66
A9: Grand Total | B9: 100 | C9: 346

Sheet Employee Performance and Attend
A1: Employee ID | B1: Name | C1: Department | D1: Monthly Attendance | E1: Monthly Target | F1: Actual Performance | G1: Performance Achivement % | H1: Attendance Rate | I1: Performance Category | J1: Attendance Category | K1: Absenteesm_days
A2: E1000 | B2: Employee_0 | C2: Sales | D2: 15 | E2: 112 | F2: 63 | G2: =('Employee Performance and Attend'!F2/'Employee Performance and Attend'!E2)*100 -> 56.25 | H2: =D2/22*100 -> 68.181818 | I2: =IF(G2>=100,"Excellent", IF(G2>=90,"Good", IF(G2>=80,"Needs Improvement","Underperformer"))) -> Underperformer | J2: =IF(H2>=95,"Excellent", IF(H2>=90,"Satisfactory","Poor")) -> Poor | K2: =22-D2 -> 7
A3: E1001 | B3: Employee_1 | C3: HR | D3: 15 | E3: 80 | F3: 115 | G3: =('Employee Performance and Attend'!F3/'Employee Performance and Attend'!E3)*100 -> 143.75 | H3: =D3/22*100 -> 68.181818 | I3: =IF(G3>=100,"Excellent", IF(G3>=90,"Good", IF(G3>=80,"Needs Improvement","Underperformer"))) -> Excellent | J3: =IF(H3>=95,"Excellent", IF(H3>=90,"Satisfactory","Poor")) -> Poor | K3: =22-D3 -> 7
A4: E1002 | B4: Employee_2 | C4: Marketing | D4: 22 | E4: 97 | F4: 84 | G4: =('Employee Performance and Attend'!F4/'Employee Performance and Attend'!E4)*100 -> 86.597938 | H4: =D4/22*100 -> 100 | I4: =IF(G4>=100,"Excellent", IF(G4>=90,"Good", IF(G4>=80,"Needs Improvement","Underperformer"))) -> Needs Improvement | J4: =IF(H4>=95,"Excellent", IF(H4>=90,"Satisfactory","Poor")) -> Excellent | K4: =22-D4 -> 0
A5: E1003 | B5: Employee_3 | C5: Finance | D5: 15 | E5: 111 | F5: 126 | G5: =('Employee Performance and Attend'!F5/'Employee Performance and Attend'!E5)*100 -> 113.51351 | H5: =D5/22*100 -> 68.181818 | I5: =IF(G5>=100,"Excellent", IF(G5>=90,"Good", IF(G5>=80,"Needs Improvement","Underperformer"))) -> Excellent | J5: =IF(H5>=95,"Excellent", IF(H5>=90,"Satisfactory","Poor")) -> Poor | K5: =22-D5 -> 7
A6: E1004 | B6: Employee_4 | C6: HR | D6: 20 | E6: 90 | F6: 126 | G6: =('Employee Performance and Attend'!F6/'Employee Performance and Attend'!E6)*100 -> 140 | H6: =D6/22*100 -> 90.909091 | I6: =IF(G6>=100,"Excellent", IF(G6>=90,"Good", IF(G6>=80,"Needs Improvement","Underperformer"))) -> Excellent | J6: =IF(H6>=95,"Excellent", IF(H6>=90,"Satisfactory","Poor")) -> Satisfactory | K6: =22-D6 -> 2
A7: E1005 | B7: Employee_5 | C7: Marketing | D7: 19 | E7: 100 | F7: 86 | G7: =('Employee Performance and Attend'!F7/'Employee Performance and Attend'!E7)*100 -> 86 | H7: =D7/22*100 -> 86.363636 | I7: =IF(G7>=100,"Excellent", IF(G7>=90,"Good", IF(G7>=80,"Needs Improvement","Underperformer"))) -> Needs Improvement | J7: =IF(H7>=95,"Excellent", IF(H7>=90,"Satisfactory","Poor")) -> Poor | K7: =22-D7 -> 3
A8: E1006 | B8: Employee_6 | C8: HR | D8: 20 | E8: 105 | F8: 91 | G8: =('Employee Performance and Attend'!F8/'Employee Performance and Attend'!E8)*100 -> 86.666667 | H8: =D8/22*100 -> 90.909091 | I8: =IF(G8>=100,"Excellent", IF(G8>=90,"Good", IF(G8>=80,"Needs Improvement","Underperformer"))) -> Needs Improvement | J8: =IF(H8>=95,"Excellent", IF(H8>=90,"Satisfactory","Poor")) -> Satisfactory | K8: =22-D8 -> 2
A9: E1007 | B9: Employee_7 | C9: IT | D9: 16 | E9: 104 | F9: 109 | G9: =('Employee Performance and Attend'!F9/'Employee Performance and Attend'!E9)*100 -> 104.80769 | H9: =D9/22*100 -> 72.727273 | I9: =IF(G9>=100,"Excellent", IF(G9>=90,"Good", IF(G9>=80,"Needs Improvement","Underperformer"))) -> Excellent | J9: =IF(H9>=95,"Excellent", IF(H9>=90,"Satisfactory","Poor")) -> Poor | K9: =22-D9 -> 6
A10: E1008 | B10: Employee_8 | C10: HR | D10: 18 | E10: 101 | F10: 120 | G10: =('Employee Performance and Attend'!F10/'Employee Performance and Attend'!E10)*100 -> 118.81188 | H10: =D10/22*100 -> 81.818182 | I10: =IF(G10>=100,"Excellent", IF(G10>=90,"Good", IF(G10>=80,"Needs Improvement","Underperformer"))) -> Excellent | J10: =IF(H10>=95,"Excellent", IF(H10>=90,"Satisfactory","Poor")) -> Poor | K10: =22-D10 -> 4
A11: E1009 | B11: Employee_9 | C11: HR | D11: 19 | E11: 106 | F11: 110 | G11: =('Employee Performance and Attend'!F11/'Employee Performance and Attend'!E11)*100 -> 103.77358 | H11: =D11/22*100 -> 86.363636 | I11: =IF(G11>=100,"Excellent", IF(G11>=90,"Good", IF(G11>=80,"Needs Improvement","Underperformer"))) -> Excellent | J11: =IF(H11>=95,"Excellent", IF(H11>=90,"Satisfactory","Poor")) -> Poor | K11: =22-D11 -> 3
A12: E1010 | B12: Employee_10 | C12: HR | D12: 22 | E12: 92 | F12: 78 | G12: =('Employee Performance and Attend'!F12/'Employee Performance and Attend'!E12)*100 -> 84.782609 | H12: =D12/22*100 -> 100 | I12: =IF(G12>=100,"Excellent", IF(G12>=90,"Good", IF(G12>=80,"Needs Improvement","Underperformer"))) -> Needs Improvement | J12: =IF(H12>=95,"Excellent", IF(H12>=90,"Satisfactory","Poor")) -> Excellent | K12: =22-D12 -> 0
A13: E1011 | B13: Employee_11 | C13: Finance | D13: 19 | E13: 112 | F13: 80 | G13: =('Employee Performance and Attend'!F13/'Employee Performance and Attend'!E13)*100 -> 71.428571 | H13: =D13/22*100 -> 86.363636 | I13: =IF(G13>=100,"Excellent", IF(G13>=90,"Good", IF(G13>=80,"Needs Improvement","Underperformer"))) -> Underperformer | J13: =IF(H13>=95,"Excellent", IF(H13>=90,"Satisfactory","Poor")) -> Poor | K13: =22-D13 -> 3
... A101: E1099 | B101: Employee_99 | C101: Finance | D101: 22 | E101: 119 | F101: 65 | G101: =('Employee Performance and Attend'!F101/'Employee Performance and Attend'!E101)*100 -> 54.621849 | H101: =D101/22*100 -> 100 | I101: =IF(G101>=100,"Excellent", IF(G101>=90,"Good", IF(G101>=80,"Needs Improvement","Underperformer"))) -> Underperformer | J101: =IF(H101>=95,"Excellent", IF(H101>=90,"Satisfactory","Poor")) -> Excellent | K101: =22-D101 -> 0

Sheet individual performance

Sheet top10
A1: Name | B1: Performance Achivement % | C1: Deartment
A2: Employee_5 | B2: 140.47619 | C2: Marketing
A3: Employee_86 | B3: 143.75 | C3: Marketing
A4: Employee_58 | B4: 88.495575 | C4: Sales
A5: Employee_97 | B5: 56.25 | C5: Finance
A6: Employee_89 | B6: 125 | C6: Sales
A7: Employee_77 | B7: 74.137931 | C7: IT
A8: Employee_42 | B8: 99.107143 | C8: Sales
A9: Employee_51 | B9: 92.222222 | C9: HR
A10: Employee_36 | B10: 71.428571 | C10: Finance
A11: Employee_7 | B11: 67.889908 | C11: IT
A16: Enployee Name | B16: Sum of Performance Achivement %
A17: Employee_36 | B17: 71.428571
A18: Employee_42 | B18: 99.107143
A19: Employee_5 | B19: 140.47619
A20: Employee_51 | B20: 92.222222
A21: Employee_58 | B21: 88.495575
A22: Employee_7 | B22: 67.889908
A23: Employee_77 | B23: 74.137931
A24: Employee_86 | B24: 143.75
A25: Employee_89 | B25: 125
A26: Employee_97 | B26: 56.25
A27: Grand Total | B27: 958.75754

Sheet underperformer
A1: Employee ID | B1: Name | C1: Department | D1: Monthly Attendance | E1: Monthly Target | F1: Actual Performance | G1: Performance Achivement % | H1: Attendance Rate | I1: Performance Category | J1: Attendance Category
A2: E1086 | B2: Employee_86 | C2: Marketing | D2: 22 | E2: 84 | F2: 121 | G2: 67.889908 | H2: 100 | I2: Underperformer | J2: Excellent
A3: E1097 | B3: Employee_97 | C3: Finance | D3: 19 | E3: 87 | F3: 125 | G3: 56.25 | H3: 86.363636 | I3: Underperformer | J3: Poor
A4: E1089 | B4: Employee_89 | C4: Sales | D4: 15 | E4: 81 | F4: 114 | G4: 64.545455 | H4: 68.181818 | I4: Underperformer | J4: Poor
A5: E1077 | B5: Employee_77 | C5: IT | D5: 22 | E5: 84 | F5: 118 | G5: 74.137931 | H5: 100 | I5: Underperformer | J5: Excellent
A6: E1083 | B6: Employee_83 | C6: IT | D6: 20 | E6: 96 | F6: 129 | G6: 68.888889 | H6: 90.909091 | I6: Underperformer | J6: Satisfactory
A7: E1074 | B7: Employee_74 | C7: Finance | D7: 18 | E7: 94 | F7: 123 | G7: 75.903614 | H7: 81.818182 | I7: Underperformer | J7: Poor
A8: E1084 | B8: Employee_84 | C8: IT | D8: 16 | E8: 99 | F8: 129 | G8: 68.421053 | H8: 72.727273 | I8: Underperformer | J8: Poor
A9: E1080 | B9: Employee_80 | C9: IT | D9: 20 | E9: 89 | F9: 112 | G9: 72.826087 | H9: 90.909091 | I9: Underperformer | J9: Satisfactory
A10: E1076 | B10: Employee_76 | C10: Finance | D10: 18 | E10: 96 | F10: 115 | G10: 75 | H10: 81.818182 | I10: Underperformer | J10: Poor
A11: E1078 | B11: Employee_78 | C11: Marketing | D11: 19 | E11: 108 | F11: 129 | G11: 73.913043 | H11: 86.363636 | I11: Underperformer | J11: Poor
A12: E1079 | B12: Employee_79 | C12: Finance | D12: 19 | E12: 83 | F12: 92 | G12: 73.275862 | H12: 86.363636 | I12: Underperformer | J12: Poor
A13: E1075 | B13: Employee_75 | C13: Finance | D13: 19 | E13: 109 | F13: 118 | G13: 75.609756 | H13: 86.363636 | I13: Underperformer | J13: Poor
... A31: E1099 | B31: Employee_99 | C31: Finance | D31: 22 | E31: 119 | F31: 65 | G31: 54.621849 | H31: 100 | I31: Underperformer | J31: Excellent
A34: Department | B34: Count of Employee ID
A35: Finance | B35: 10
A36: HR | B36: 5
A37: IT | B37: 5
A38: Marketing | B38: 6
A39: Sales | B39: 4
A40: Grand Total | B40: 30

Sheet Department Performance
A1: Department | B1: Average of Monthly Target | C1: Average of Actual Performance
A2: Grand Total

Sheet Dashboard
V11: Enployee Name | W11: Sum of Performance Achivement %
V12: Employee_36 | W12: 71.428571
V13: Employee_42 | W13: 99.107143
V14: Employee_5 | W14: 140.47619
V15: Employee_51 | W15: 92.222222
V16: Employee_58 | W16: 88.495575
V17: Employee_7 | W17: 67.889908
V18: Employee_77 | W18: 74.137931
V19: Employee_86 | W19: 143.75
V20: Employee_89 | W20: 125
V21: Employee_97 | W21: 56.25
V22: Grand Total | W22: 958.75754

Sheet Department Attendance
A1: Attendance Category | B1: Satisfactory
A3: Department | B3: Average of Attendance Rate | C3: Count of Attendance Category
A4: Grand Total
