Workbook
Name NativeTimeline_Date: #N/A
Name Slicer_Feedback_Category: #N/A
Name Slicer_Issue_Resolved: #N/A
Name Slicer_Service_Rating: #N/A

Sheet Feedback Category
A1: Category | B1: count
A2: Website | B2: =COUNTIF(dataset!D:D,"Website") -> 17
A3: Billing | B3: =COUNTIF(dataset!D:D,"Billing") -> 22
A4: Service | B4: =COUNTIF(dataset!D:D,"Service") -> 19
A5: Product | B5: =COUNTIF(dataset!D2:D101,"Product") -> 24
A6: Service | B6: =COUNTIF(dataset!D:D,"Service") -> 19
A7: Other | B7: =COUNTIF(dataset!D:D,"Other") -> 18

Sheet Questions
A1: Customer Feedback Analysis
A3: Objective: Visualize customer satisfaction survey results and build a dashboard.
A5: Dataset: Customer ID, Date, Service Rating (1–5), Feedback Category, Response Time, Issue Resolved (Yes/No).
A7: Tasks:
A12: 1. Key Performance Indicators (KPIs) Section
A14: Task: Create a KPI summary panel showing:
A16: Overall Satisfaction Score (Average of Service Rating)
A18: Net Promoter Score (NPS) Calculation
A20: Issue Resolution Rate (% of "Yes" in Issue Resolved)
A22: Average Response Time
A24: Total Feedback Count
A25: 2. Service Rating Distribution
... A118: Resolution Rate = (COUNTIF(Issue Resolved = "Yes") / Total Count) * 100

Sheet filtering system

Sheet Response Time Charts
A1: Category | B1: Avg Response Time
A2: Billing | B2: =AVERAGEIF(dataset!D2:D101,"Billing",dataset!E2:E101) -> 41.177273
A3: Service | B3: =AVERAGEIF(dataset!D3:D102,"Service",dataset!E2:E101) -> 43.368421
A4: Product | B4: =AVERAGEIF(dataset!D4:D103,"Product",dataset!E2:E101) -> 39.783333
A5: Website | B5: =AVERAGEIF(dataset!D5:D104,"Website",dataset!E2:E101) -> 46.375
A6: Other | B6: =AVERAGEIF(dataset!D6:D105,"Other",dataset!E2:E101) -> 38.883333

Sheet Resolution Rate Analysis
A1: Category | B1: Resolved | C1: Not Resolved
A2: Billing | B2: =COUNTIFS(dataset!D:D,"Billing",dataset!F:F,"Yes") -> 18 | C2: =COUNTIFS(dataset!D:D,"Billing",dataset!F:F,"No") -> 4
A3: Service | B3: =COUNTIFS(dataset!D:D,"Service",dataset!F:F,"Yes") -> 16 | C3: =COUNTIFS(dataset!D:D,"Service",dataset!F:F,"No") -> 3
A4: Product | B4: =COUNTIFS(dataset!D:D,"Product",dataset!F:F,"Yes") -> 19 | C4: =COUNTIFS(dataset!D:D,"Product",dataset!F:F,"No") -> 5
A5: Website | B5: =COUNTIFS(dataset!D:D,"Website",dataset!F:F,"Yes") -> 13 | C5: =COUNTIFS(dataset!D:D,"Website",dataset!F:F,"No") -> 4
A6: Other | B6: =COUNTIFS(dataset!D:D,"Other",dataset!F:F,"Yes") -> 14 | C6: =COUNTIFS(dataset!D:D,"Other",dataset!F:F,"No") -> 4
A13: Category | B13: Resolution Rate
A14: Billing | B14: =dataset!H2 -> 80
A15: Service
A16: Product
A17: Website
A18: Other

Sheet Cross-Analysis Charts
A1: Rating | B1: Billing | C1: Service | D1: Product | E1: Website | F1: Other
A2: 1 | B2: =COUNTIFS(dataset!$D:$D,"Billing",dataset!$C:$C,1) -> 5 | C2: =COUNTIFS(dataset!$D:$D,"Service",dataset!$C:$C,1) -> 5 | D2: =COUNTIFS(dataset!$D:$D,"Product",dataset!$C:$C,1) -> 3 | E2: =COUNTIFS(dataset!$D:$D,"Website",dataset!$C:$C,1) -> 4 | F2: =COUNTIFS(dataset!$D:$D,"Other",dataset!$C:$C,1) -> 5
A3: 2 | B3: =COUNTIFS(dataset!D:D,"Billing",dataset!C:C,2) -> 4 | C3: =COUNTIFS(dataset!$D:$D,"Service",dataset!$C:$C,2) -> 3 | D3: =COUNTIFS(dataset!$D:$D,"Product",dataset!$C:$C,2) -> 2 | E3: =COUNTIFS(dataset!$D:$D,"Website",dataset!$C:$C,2) -> 3 | F3: =COUNTIFS(dataset!$D:$D,"Other",dataset!$C:$C,2) -> 4
A4: 3 | B4: =COUNTIFS(dataset!D:D,"Billing",dataset!C:C,3) -> 4 | C4: =COUNTIFS(dataset!$D:$D,"Service",dataset!$C:$C,3) -> 3 | D4: =COUNTIFS(dataset!$D:$D,"Product",dataset!$C:$C,3) -> 6 | E4: =COUNTIFS(dataset!$D:$D,"Website",dataset!$C:$C,3) -> 4 | F4: =COUNTIFS(dataset!$D:$D,"Other",dataset!$C:$C,3) -> 2
A5: 4 | B5: =COUNTIFS(dataset!D:D,"Billing",dataset!C:C,4) -> 6 | C5: =COUNTIFS(dataset!$D:$D,"Service",dataset!$C:$C,4) -> 3 | D5: =COUNTIFS(dataset!$D:$D,"Product",dataset!$C:$C,4) -> 5 | E5: =COUNTIFS(dataset!$D:$D,"Website",dataset!$C:$C,4) -> 3 | F5: =COUNTIFS(dataset!$D:$D,"Other",dataset!$C:$C,4) -> 3
A6: 5 | B6: =COUNTIFS(dataset!D:D,"Billing",dataset!C:C,5) -> 3 | C6: =COUNTIFS(dataset!$D:$D,"Service",dataset!$C:$C,5) -> 5 | D6: =COUNTIFS(dataset!$D:$D,"Product",dataset!$C:$C,5) -> 8 | E6: =COUNTIFS(dataset!$D:$D,"Website",dataset!$C:$C,5) -> 3 | F6: =COUNTIFS(dataset!$D:$D,"Other",dataset!$C:$C,5) -> 4

Sheet dataset
A1: Customer ID | B1: Date | C1: Service Rating | D1: Feedback Category | E1: Response Time (hours) | F1: Issue Resolved | G1: Month | H1: Resolution Rate | I1: NPS
A2: C1000 | B2: 45385 | C2: 5 | D2: Website | E2: 24.8 | F2: No | G2: =TEXT(B2,"MMM-YY") -> Apr-24 | H2: =COUNTIF(dataset!F2:F101,"Yes")/COUNTA(dataset!F2:F101)*100 -> 80 | I2: =Calculation!C2 -> 5
A3: C1001 | B3: 45342 | C3: 1 | D3: Billing | E3: 59.6 | F3: No | G3: =TEXT(B3,"MMM-YY") -> Feb-24
A4: C1002 | B4: 45353 | C4: 1 | D4: Service | E4: 26.8 | F4: Yes | G4: =TEXT(B4,"MMM-YY") -> Mar-24
A5: C1003 | B5: 45348 | C5: 1 | D5: Product | E5: 3.4 | F5: Yes | G5: =TEXT(B5,"MMM-YY") -> Feb-24
A6: C1004 | B6: 45357 | C6: 1 | D6: Service | E6: 60 | F6: Yes | G6: =TEXT(B6,"MMM-YY") -> Mar-24
A7: C1005 | B7: 45370 | C7: 1 | D7: Service | E7: 25.5 | F7: Yes | G7: =TEXT(B7,"MMM-YY") -> Mar-24
A8: C1006 | B8: 45366 | C8: 2 | D8: Product | E8: 55.9 | F8: Yes | G8: =TEXT(B8,"MMM-YY") -> Mar-24
A9: C1007 | B9: 45299 | C9: 5 | D9: Service | E9: 26.8 | F9: Yes | G9: =TEXT(B9,"MMM-YY") -> Jan-24
A10: C1008 | B10: 45317 | C10: 3 | D10: Product | E10: 62.1 | F10: No | G10: =TEXT(B10,"MMM-YY") -> Jan-24
A11: C1009 | B11: 45342 | C11: 3 | D11: Billing | E11: 16.6 | F11: Yes | G11: =TEXT(B11,"MMM-YY") -> Feb-24
A12: C1010 | B12: 45336 | C12: 3 | D12: Product | E12: 70.2 | F12: Yes | G12: =TEXT(B12,"MMM-YY") -> Feb-24
A13: C1011 | B13: 45335 | C13: 3 | D13: Product | E13: 56.4 | F13: Yes | G13: =TEXT(B13,"MMM-YY") -> Feb-24
A14: C1012 | B14: 45296 | C14: 2 | D14: Website | E14: 9.1 | F14: Yes | G14: =TEXT(B14,"MMM-YY") -> Jan-24
... A101: C1099 | B101: 45342 | C101: 3 | D101: Website | E101: 46.2 | F101: Yes | G101: =TEXT(B101,"MMM-YY") -> Feb-24

Sheet Dashboard
R14: Rating | S14: Billing | T14: Service | U14: Product | V14: Website | W14: Other
R15: 1 | S15: 5 | T15: 5 | U15: 3 | V15: 4 | W15: 5
R16: 2 | S16: 4 | T16: 3 | U16: 2 | V16: 3 | W16: 4
R17: 3 | S17: 4 | T17: 3 | U17: 6 | V17: 4 | W17: 2
R18: 4 | S18: 6 | T18: 3 | U18: 5 | V18: 3 | W18: 3
R19: 5 | S19: 3 | T19: 5 | U19: 8 | V19: 3 | W19: 4

Sheet servive rating distribution
A1: Rating | B1: count | C1: percentage%
A2: 1 | B2: =COUNTIF(dataset!C:C,1) -> 22 | C2: =B2/100*100 -> 22
A3: 2 | B3: =COUNTIF(dataset!C:C,2) -> 16 | C3: =B3/100*100 -> 16
A4: 3 | B4: =COUNTIF(dataset!C:C,3) -> 19 | C4: =B4/100*100 -> 19
A5: 4 | B5: =COUNTIF(dataset!C:C,4) -> 20 | C5: =B5/100*100 -> 20
A6: 5 | B6: =COUNTIF(dataset!C:C,5) -> 23 | C6: =B6/100*100 -> 23

Sheet KPI
A1: Overall Satisfaction Score (Average of Service Rating) | B1: =AVEDEV(dataset!C2:C101) -> 1.2684 | F1: Label | G1: Value
F2: Pointer | G2: 5
A3: Net Promoter Score (NPS) Calculation | B3: =Calculation!C2 -> 5 | F3: Remaining | G3: 95
F4: Total Scale | G4: 100
A5: Issue Resolution Rate (% of "Yes" in Issue Resolved) | B5: 80
A7: Average Response Time | B7: =AVERAGE(dataset!E2:E101) -> 38.125
A9: Total Feedback Count | B9: 100

Sheet Time Trend Analysis
A1: Row Labels | B1: Sum of Resolution Rate | C1: Average of Service Rating | D1: Sum of NPS
A2: Grand Total

Sheet Calculation
A1: Promoters | B1: Detractors | C1: NPS Score
A2: =COUNTIF(dataset!C2:C101,">=4") -> 43 | B2: =COUNTIF(dataset!C2:C101,"<=2") -> 38 | C2: =(A2-B2)/100*100 -> 5
A5: Segment | B5: Value
A6: Bad (Red) | B6: 33
A7: Neutral (Yellow) | B7: 34
A8: Good (Green) | B8: 33
A9: Pointer | B9: 5
A10: End (invisible) | B10: 95
A11: Dummy (invisible) | B11: 100
